[
    {
        "id": 1,
        "name": "Topic 1",
        "description": "Description of topic 1",
        "author": "Author 1",
        "additional": "Additional info 1"
    },
    {
        "id": 2,
        "name": "Topic 2",
        "description": "Description of topic 2",
        "author": "Author 2",
        "additional": "Additional info 2"
    },
    {
        "id": 3,
        "name": "Another Topic",
        "description": "Description of another topic",
        "author": "Author 3",
        "additional": "More info"
    }
]

